1,John,Smith,John.Smith@gmail.com,USA,New York,2023-01-15
2,Emma,Johnson,emma.johnson@gmail.com,UK,London,2023-02-20
3,Michael,Brown,michael.brown@yahoo.com,Canada,Toronto,2023-01-10
4,Sarah,Davis,sarah.davis@email.com,USA,Los Angeles,2023-03-05
5,James,Wilson,james.wilson@gmail.com,Australia,Sydney,2023-02-14
6,Lisa,Garcia,lisa.garcia@email.com,USA,Chicago,2023-01-25
7,David,Martinez,david.martinez@yahoo.com,Spain,Madrid,2023-03-12
8,Anna,Anderson,anna.anderson@gmail.com,Germany,Berlin,2023-02-08
9,Robert,Taylor,robert.taylor@email.com,UK,Manchester,2023-01-30
10,Maria,Rodriguez,maria.rodriguez@gmail.com,Mexico,Mexico City,2023-03-18
11,Chris,Lee,chris.lee@email.com,USA,Seattle,2023-02-22
12,Jennifer,White,jennifer.white@yahoo.com,Canada,Vancouver,2023-01-12
13,Mark,Thompson,mark.thompson@gmail.com,Australia,Melbourne,2023-03-08
14,Sophie,Clark,sophie.clark@email.com,France,Paris,2023-02-16
15,Daniel,Lewis,daniel.lewis@gmail.com,Germany,Munich,2023-01-20
16,Jessica,Walker,jessica.walker@yahoo.com,UK,Birmingham,2023-03-02
17,Kevin,Hall,kevin.hall@email.com,USA,Boston,2023-02-28
18,Rachel,Young,rachel.young@gmail.com,Canada,Montreal,2023-01-18
19,Ryan,King,ryan.king@email.com,Australia,Brisbane,2023-03-14
20,Michelle,Wright,michelle.wright@yahoo.com,USA,Miami,2023-02-10
