1,Alice,Manager,Management,85000.00,2020-01-15
2,Bob,Developer,IT,75000.00,2021-03-10
3,Carol,Analyst,IT,65000.00,2021-06-20
4,David,Sales,Sales,55000.00,2022-01-12
5,Eva,Marketing,Marketing,60000.00,2021-09-05
6,Frank,Support,Customer Service,45000.00,2022-05-18
7,Grace,Designer,Design,70000.00,2020-11-22
8,Henry,Coordinator,Operations,50000.00,2022-08-14
9,Ivy,Specialist,HR,58000.00,2021-12-03
10,Jack,Lead,IT,90000.00,2019-07-30
11,Kate,Associate,Sales,48000.00,2023-02-28
12,Liam,Manager,Sales,78000.00,2020-04-16
13,Mia,Analyst,Finance,62000.00,2021-10-11
14,Noah,Developer,IT,72000.00,2022-03-07
15,Olivia,Coordinator,Marketing,52000.00,2022-07-19
