1,1,3,1,1199.99
2,2,5,1,349.99
3,2,10,2,29.99
4,2,6,1,150.00
5,3,1,1,999.99
6,4,5,1,349.99
7,5,10,4,29.99
8,5,8,1,89.99
9,6,15,1,1899.99
10,7,6,1,150.00
11,8,20,1,799.99
12,9,1,1,999.99
13,9,17,1,599.99
14,10,8,1,89.99
15,11,14,1,699.99
16,12,25,1,249.99
17,12,9,1,199.99
18,13,12,1,1200.00
19,14,11,1,299.99
20,15,2,1,899.99
21,15,6,1,150.00
22,16,9,1,199.99
23,17,23,1,349.99
24,18,3,1,1199.99
25,18,18,1,99.99
26,19,13,1,79.99
27,20,17,1,599.99
28,21,21,1,499.99
29,22,7,1,180.00
30,23,30,1,8999.99
31,24,25,1,249.99
32,25,16,1,399.99
33,26,26,1,159.99
34,27,24,1,1099.99
35,28,23,1,349.99
36,29,19,1,149.99
37,30,28,1,299.99
