1,1,2024-01-05,1199.99,Delivered
2,2,2024-01-08,549.98,Delivered
3,3,2024-01-10,999.99,Shipped
4,1,2024-01-12,349.99,Delivered
5,4,2024-01-15,239.98,Delivered
6,5,2024-01-18,1899.99,Shipped
7,6,2024-01-20,150.00,Delivered
8,2,2024-01-22,799.99,Shipped
9,7,2024-01-25,1599.98,Delivered
10,8,2024-01-28,89.99,Delivered
11,9,2024-02-01,699.99,Delivered
12,10,2024-02-03,449.98,Shipped
13,3,2024-02-05,1200.00,Shipped
14,11,2024-02-08,299.99,Delivered
15,12,2024-02-10,949.98,Delivered
16,4,2024-02-12,199.99,Shipped
17,13,2024-02-15,349.99,Delivered
18,14,2024-02-18,1299.98,Shipped
19,15,2024-02-20,79.99,Delivered
20,16,2024-02-22,599.99,Delivered
21,17,2024-02-25,499.99,Shipped
22,18,2024-02-28,180.00,Delivered
23,19,2024-03-02,8999.99,Shipped
24,20,2024-03-05,249.99,Delivered
25,1,2024-03-08,399.99,Shipped
26,2,2024-03-10,159.99,Delivered
27,3,2024-03-12,1099.99,Shipped
28,5,2024-03-15,349.99,Delivered
29,7,2024-03-18,149.99,Shipped
30,9,2024-03-20,299.99,Delivered
