1,1,1,5,Excellent phone! Camera quality is amazing.,2024-01-10
2,1,3,4,Great phone but battery could be better.,2024-01-15
3,3,1,5,Perfect laptop for work. Fast and reliable.,2024-01-20
4,5,2,5,Best headphones I have ever owned!,2024-01-12
5,6,4,4,"Comfortable shoes, good for running.",2024-01-18
6,8,10,3,"Jeans are okay, fit is a bit loose.",2024-02-01
7,11,14,4,"Solid bed frame, easy to assemble.",2024-02-10
8,16,16,5,Amazing mixer! Makes baking so much easier.,2024-02-15
9,17,20,5,Best vacuum cleaner ever. So powerful!,2024-02-22
10,21,19,4,PlayStation 5 is great but hard to find games.,2024-03-01
