1,iPhone 15 Pro,Electronics,1099.99,50
2,Samsung Galaxy S24,Electronics,989.99,35
3,MacBook Air M2,Electronics,1319.99,20
4,Dell XPS 13,Electronics,1099.99,25
5,Sony WH-1000XM4,Electronics,384.99,100
6,Nike Air Max 270,Clothing,165.00,200
7,Adidas Ultraboost 22,Clothing,198.00,150
8,Levis 501 Jeans,Clothing,98.99,300
9,Patagonia Fleece Jacket,Clothing,219.99,75
10,Under Armour T-Shirt,Clothing,32.99,500
11,IKEA MALM Bed Frame,Furniture,329.99,30
12,Herman Miller Chair,Furniture,1320.00,15
13,IKEA BILLY Bookshelf,Furniture,87.99,80
14,West Elm Coffee Table,Furniture,769.99,25
15,Pottery Barn Sofa,Furniture,2089.99,12
16,KitchenAid Stand Mixer,Home & Kitchen,439.99,40
17,Dyson V15 Vacuum,Home & Kitchen,659.99,30
18,Instant Pot Duo 7-in-1,Home & Kitchen,109.99,120
19,Cuisinart Coffee Maker,Home & Kitchen,164.99,60
20,All-Clad Cookware Set,Home & Kitchen,879.99,20
21,PlayStation 5,Electronics,549.99,10
22,Xbox Series X,Electronics,549.99,8
23,Nintendo Switch OLED,Electronics,384.99,45
24,iPad Pro 12.9,Electronics,1209.99,30
25,AirPods Pro 2nd Gen,Electronics,274.99,150
26,Ray-Ban Aviator Sunglasses,Accessories,175.99,200
27,Michael Kors Watch,Accessories,219.99,80
28,Tiffany & Co. Necklace,Accessories,329.99,25
29,Coach Leather Handbag,Accessories,384.99,40
30,Rolex Submariner,Accessories,9899.99,3
